id,pet_type,behavior,modality,file_path,emotion
1,Cat,Meow,Audio,C:\Users\user\Desktop\myenv\myenv\pet\dataset meow\B_ANI01_MC_FN_SIM01_101.wav,Calm
2,Cat,Meow,Audio,C:\Users\user\Desktop\myenv\myenv\pet\dataset meow\B_ANI01_MC_FN_SIM01_102.wav,Calm
3,Cat,Meow,Audio,C:\Users\user\Desktop\myenv\myenv\pet\dataset meow\B_ANI01_MC_FN_SIM01_103.wav,Calm
4,Cat,Meow,Audio,C:\Users\user\Desktop\myenv\myenv\pet\dataset meow\B_ANI01_MC_FN_SIM01_301.wav,Calm
5,Cat,Meow,Audio,C:\Users\user\Desktop\myenv\myenv\pet\dataset meow\B_ANI01_MC_FN_SIM01_302.wav,Calm
6,Cat,Meow,Audio,C:\Users\user\Desktop\myenv\myenv\pet\dataset meow\B_ANI01_MC_FN_SIM01_303.wav,Calm
7,Cat,Meow,Audio,C:\Users\user\Desktop\myenv\myenv\pet\dataset meow\B_BAC01_MC_MN_SIM01_101.wav,Calm
8,Cat,Meow,Audio,C:\Users\user\Desktop\myenv\myenv\pet\dataset meow\B_BAC01_MC_MN_SIM01_102.wav,Calm
9,Cat,Meow,Audio,C:\Users\user\Desktop\myenv\myenv\pet\dataset meow\B_BAC01_MC_MN_SIM01_103.wav,Calm
10,Cat,Meow,Audio,C:\Users\user\Desktop\myenv\myenv\pet\dataset meow\B_BAC01_MC_MN_SIM01_202.wav,Calm
11,Cat,Meow,Audio,C:\Users\user\Desktop\myenv\myenv\pet\dataset meow\B_BAC01_MC_MN_SIM01_301.wav,Calm
12,Cat,Meow,Audio,C:\Users\user\Desktop\myenv\myenv\pet\dataset meow\B_BAC01_MC_MN_SIM01_303.wav,Calm
13,Cat,Meow,Audio,C:\Users\user\Desktop\myenv\myenv\pet\dataset meow\B_BRA01_MC_MN_SIM01_101.wav,Calm
14,Cat,Meow,Audio,C:\Users\user\Desktop\myenv\myenv\pet\dataset meow\B_BRA01_MC_MN_SIM01_104.wav,Calm
15,Cat,Meow,Audio,C:\Users\user\Desktop\myenv\myenv\pet\dataset meow\B_BRA01_MC_MN_SIM01_105.wav,Calm
16,Cat,Meow,Audio,C:\Users\user\Desktop\myenv\myenv\pet\dataset meow\B_BRA01_MC_MN_SIM01_106.wav,Calm
17,Cat,Meow,Audio,C:\Users\user\Desktop\myenv\myenv\pet\dataset meow\B_BRA01_MC_MN_SIM01_301.wav,Calm
18,Cat,Meow,Audio,C:\Users\user\Desktop\myenv\myenv\pet\dataset meow\B_BRA01_MC_MN_SIM01_302.wav,Calm
19,Cat,Meow,Audio,C:\Users\user\Desktop\myenv\myenv\pet\dataset meow\B_BRA01_MC_MN_SIM01_303.wav,Calm
20,Cat,Meow,Audio,C:\Users\user\Desktop\myenv\myenv\pet\dataset meow\B_BRI01_MC_FI_SIM01_101.wav,Calm
21,Cat,Meow,Audio,C:\Users\user\Desktop\myenv\myenv\pet\dataset meow\B_BRI01_MC_FI_SIM01_102.wav,Calm
22,Cat,Meow,Audio,C:\Users\user\Desktop\myenv\myenv\pet\dataset meow\B_BRI01_MC_FI_SIM01_201.wav,Calm
23,Cat,Meow,Audio,C:\Users\user\Desktop\myenv\myenv\pet\dataset meow\B_BRI01_MC_FI_SIM01_202.wav,Calm
24,Cat,Meow,Audio,C:\Users\user\Desktop\myenv\myenv\pet\dataset meow\B_BRI01_MC_FI_SIM01_301.wav,Calm
25,Cat,Meow,Audio,C:\Users\user\Desktop\myenv\myenv\pet\dataset meow\B_BRI01_MC_FI_SIM01_302.wav,Calm
26,Cat,Meow,Audio,C:\Users\user\Desktop\myenv\myenv\pet\dataset meow\B_BRI01_MC_FI_SIM01_303.wav,Calm
27,Cat,Meow,Audio,C:\Users\user\Desktop\myenv\myenv\pet\dataset meow\B_CAN01_EU_FN_GIA01_101.wav,Calm
28,Cat,Meow,Audio,C:\Users\user\Desktop\myenv\myenv\pet\dataset meow\B_CAN01_EU_FN_GIA01_102.wav,Calm
29,Cat,Meow,Audio,C:\Users\user\Desktop\myenv\myenv\pet\dataset meow\B_CAN01_EU_FN_GIA01_103.wav,Calm
30,Cat,Meow,Audio,C:\Users\user\Desktop\myenv\myenv\pet\dataset meow\B_CAN01_EU_FN_GIA01_104.wav,Calm
31,Cat,Meow,Audio,C:\Users\user\Desktop\myenv\myenv\pet\dataset meow\B_CAN01_EU_FN_GIA01_105.wav,Calm
32,Cat,Meow,Audio,C:\Users\user\Desktop\myenv\myenv\pet\dataset meow\B_CAN01_EU_FN_GIA01_201.wav,Calm
33,Cat,Meow,Audio,C:\Users\user\Desktop\myenv\myenv\pet\dataset meow\B_CAN01_EU_FN_GIA01_202.wav,Calm
34,Cat,Meow,Audio,C:\Users\user\Desktop\myenv\myenv\pet\dataset meow\B_CAN01_EU_FN_GIA01_203.wav,Calm
35,Cat,Meow,Audio,C:\Users\user\Desktop\myenv\myenv\pet\dataset meow\B_CAN01_EU_FN_GIA01_204.wav,Calm
36,Cat,Meow,Audio,C:\Users\user\Desktop\myenv\myenv\pet\dataset meow\B_CAN01_EU_FN_GIA01_205.wav,Calm
37,Cat,Meow,Audio,C:\Users\user\Desktop\myenv\myenv\pet\dataset meow\B_CAN01_EU_FN_GIA01_206.wav,Calm
38,Cat,Meow,Audio,C:\Users\user\Desktop\myenv\myenv\pet\dataset meow\B_CAN01_EU_FN_GIA01_207.wav,Calm
39,Cat,Meow,Audio,C:\Users\user\Desktop\myenv\myenv\pet\dataset meow\B_CAN01_EU_FN_GIA01_208.wav,Calm
40,Cat,Meow,Audio,C:\Users\user\Desktop\myenv\myenv\pet\dataset meow\B_CAN01_EU_FN_GIA01_209.wav,Calm
41,Cat,Meow,Audio,C:\Users\user\Desktop\myenv\myenv\pet\dataset meow\B_CAN01_EU_FN_GIA01_210.wav,Calm
42,Cat,Meow,Audio,C:\Users\user\Desktop\myenv\myenv\pet\dataset meow\B_CAN01_EU_FN_GIA01_301.wav,Calm
43,Cat,Meow,Audio,C:\Users\user\Desktop\myenv\myenv\pet\dataset meow\B_CAN01_EU_FN_GIA01_302.wav,Calm
44,Cat,Meow,Audio,C:\Users\user\Desktop\myenv\myenv\pet\dataset meow\B_CAN01_EU_FN_GIA01_303.wav,Calm
45,Cat,Meow,Audio,C:\Users\user\Desktop\myenv\myenv\pet\dataset meow\B_CAN01_EU_FN_GIA01_304.wav,Calm
46,Cat,Meow,Audio,C:\Users\user\Desktop\myenv\myenv\pet\dataset meow\B_CAN01_EU_FN_GIA01_305.wav,Calm
47,Cat,Meow,Audio,C:\Users\user\Desktop\myenv\myenv\pet\dataset meow\B_CAN01_EU_FN_GIA01_306.wav,Calm
48,Cat,Meow,Audio,C:\Users\user\Desktop\myenv\myenv\pet\dataset meow\B_CAN01_EU_FN_GIA01_307.wav,Calm
49,Cat,Meow,Audio,C:\Users\user\Desktop\myenv\myenv\pet\dataset meow\B_CAN01_EU_FN_GIA01_308.wav,Calm
50,Cat,Meow,Audio,C:\Users\user\Desktop\myenv\myenv\pet\dataset meow\B_CAN01_EU_FN_GIA01_309.wav,Calm
51,Cat,Meow,Audio,C:\Users\user\Desktop\myenv\myenv\pet\dataset meow\B_CAN01_EU_FN_GIA01_310.wav,Calm
52,Cat,Meow,Audio,C:\Users\user\Desktop\myenv\myenv\pet\dataset meow\B_CAN01_EU_FN_GIA01_311.wav,Calm
53,Cat,Meow,Audio,C:\Users\user\Desktop\myenv\myenv\pet\dataset meow\B_DAK01_MC_FN_SIM01_102.wav,Calm
54,Cat,Meow,Audio,C:\Users\user\Desktop\myenv\myenv\pet\dataset meow\B_DAK01_MC_FN_SIM01_301.wav,Calm
55,Cat,Meow,Audio,C:\Users\user\Desktop\myenv\myenv\pet\dataset meow\B_DAK01_MC_FN_SIM01_302.wav,Calm
56,Cat,Meow,Audio,C:\Users\user\Desktop\myenv\myenv\pet\dataset meow\B_DAK01_MC_FN_SIM01_303.wav,Calm
57,Cat,Meow,Audio,C:\Users\user\Desktop\myenv\myenv\pet\dataset meow\B_IND01_EU_FN_ELI01_101.wav,Calm
58,Cat,Meow,Audio,C:\Users\user\Desktop\myenv\myenv\pet\dataset meow\B_IND01_EU_FN_ELI01_102.wav,Calm
59,Cat,Meow,Audio,C:\Users\user\Desktop\myenv\myenv\pet\dataset meow\B_IND01_EU_FN_ELI01_103.wav,Calm
60,Cat,Meow,Audio,C:\Users\user\Desktop\myenv\myenv\pet\dataset meow\B_IND01_EU_FN_ELI01_201.wav,Calm
61,Cat,Meow,Audio,C:\Users\user\Desktop\myenv\myenv\pet\dataset meow\B_IND01_EU_FN_ELI01_202.wav,Calm
62,Cat,Meow,Audio,C:\Users\user\Desktop\myenv\myenv\pet\dataset meow\B_IND01_EU_FN_ELI01_203.wav,Calm
63,Cat,Meow,Audio,C:\Users\user\Desktop\myenv\myenv\pet\dataset meow\B_IND01_EU_FN_ELI01_301.wav,Calm
64,Cat,Meow,Audio,C:\Users\user\Desktop\myenv\myenv\pet\dataset meow\B_IND01_EU_FN_ELI01_302.wav,Calm
65,Cat,Meow,Audio,C:\Users\user\Desktop\myenv\myenv\pet\dataset meow\B_IND01_EU_FN_ELI01_303.wav,Calm
66,Cat,Meow,Audio,C:\Users\user\Desktop\myenv\myenv\pet\dataset meow\B_IND01_EU_FN_ELI01_304.wav,Calm
67,Cat,Meow,Audio,C:\Users\user\Desktop\myenv\myenv\pet\dataset meow\B_IND01_EU_FN_ELI01_305.wav,Calm
68,Cat,Meow,Audio,C:\Users\user\Desktop\myenv\myenv\pet\dataset meow\B_JJX01_MC_FN_SIM01_101.wav,Calm
69,Cat,Meow,Audio,C:\Users\user\Desktop\myenv\myenv\pet\dataset meow\B_JJX01_MC_FN_SIM01_102.wav,Calm
70,Cat,Meow,Audio,C:\Users\user\Desktop\myenv\myenv\pet\dataset meow\B_JJX01_MC_FN_SIM01_103.wav,Calm
71,Cat,Meow,Audio,C:\Users\user\Desktop\myenv\myenv\pet\dataset meow\B_JJX01_MC_FN_SIM01_201.wav,Calm
72,Cat,Meow,Audio,C:\Users\user\Desktop\myenv\myenv\pet\dataset meow\B_JJX01_MC_FN_SIM01_202.wav,Calm
73,Cat,Meow,Audio,C:\Users\user\Desktop\myenv\myenv\pet\dataset meow\B_JJX01_MC_FN_SIM01_301.wav,Calm
74,Cat,Meow,Audio,C:\Users\user\Desktop\myenv\myenv\pet\dataset meow\B_JJX01_MC_FN_SIM01_302.wav,Calm
75,Cat,Meow,Audio,C:\Users\user\Desktop\myenv\myenv\pet\dataset meow\B_MAG01_EU_FN_FED01_101.wav,Calm
76,Cat,Meow,Audio,C:\Users\user\Desktop\myenv\myenv\pet\dataset meow\B_MAG01_EU_FN_FED01_102.wav,Calm
77,Cat,Meow,Audio,C:\Users\user\Desktop\myenv\myenv\pet\dataset meow\B_MAG01_EU_FN_FED01_103.wav,Calm
78,Cat,Meow,Audio,C:\Users\user\Desktop\myenv\myenv\pet\dataset meow\B_MAG01_EU_FN_FED01_201.wav,Calm
79,Cat,Meow,Audio,C:\Users\user\Desktop\myenv\myenv\pet\dataset meow\B_MAG01_EU_FN_FED01_202.wav,Calm
80,Cat,Meow,Audio,C:\Users\user\Desktop\myenv\myenv\pet\dataset meow\B_MAG01_EU_FN_FED01_203.wav,Calm
81,Cat,Meow,Audio,C:\Users\user\Desktop\myenv\myenv\pet\dataset meow\B_MAG01_EU_FN_FED01_204.wav,Calm
82,Cat,Meow,Audio,C:\Users\user\Desktop\myenv\myenv\pet\dataset meow\B_MAG01_EU_FN_FED01_205.wav,Calm
83,Cat,Meow,Audio,C:\Users\user\Desktop\myenv\myenv\pet\dataset meow\B_MAG01_EU_FN_FED01_301.wav,Calm
84,Cat,Meow,Audio,C:\Users\user\Desktop\myenv\myenv\pet\dataset meow\B_MAG01_EU_FN_FED01_302.wav,Calm
85,Cat,Meow,Audio,C:\Users\user\Desktop\myenv\myenv\pet\dataset meow\B_MAT01_EU_FN_RIT01_101.wav,Calm
86,Cat,Meow,Audio,C:\Users\user\Desktop\myenv\myenv\pet\dataset meow\B_MAT01_EU_FN_RIT01_102.wav,Calm
87,Cat,Meow,Audio,C:\Users\user\Desktop\myenv\myenv\pet\dataset meow\B_MAT01_EU_FN_RIT01_201.wav,Calm
88,Cat,Meow,Audio,C:\Users\user\Desktop\myenv\myenv\pet\dataset meow\B_MAT01_EU_FN_RIT01_202.wav,Calm
89,Cat,Meow,Audio,C:\Users\user\Desktop\myenv\myenv\pet\dataset meow\B_MAT01_EU_FN_RIT01_203.wav,Calm
90,Cat,Meow,Audio,C:\Users\user\Desktop\myenv\myenv\pet\dataset meow\B_MAT01_EU_FN_RIT01_204.wav,Calm
91,Cat,Meow,Audio,C:\Users\user\Desktop\myenv\myenv\pet\dataset meow\B_MAT01_EU_FN_RIT01_205.wav,Calm
92,Cat,Meow,Audio,C:\Users\user\Desktop\myenv\myenv\pet\dataset meow\B_MAT01_EU_FN_RIT01_206.wav,Calm
93,Cat,Meow,Audio,C:\Users\user\Desktop\myenv\myenv\pet\dataset meow\B_MAT01_EU_FN_RIT01_207.wav,Calm
94,Cat,Meow,Audio,C:\Users\user\Desktop\myenv\myenv\pet\dataset meow\B_MAT01_EU_FN_RIT01_301.wav,Calm
95,Cat,Meow,Audio,C:\Users\user\Desktop\myenv\myenv\pet\dataset meow\B_MIN01_EU_FN_BEN01_101.wav,Calm
96,Cat,Meow,Audio,C:\Users\user\Desktop\myenv\myenv\pet\dataset meow\B_MIN01_EU_FN_BEN01_102.wav,Calm
97,Cat,Meow,Audio,C:\Users\user\Desktop\myenv\myenv\pet\dataset meow\B_MIN01_EU_FN_BEN01_103.wav,Calm
98,Cat,Meow,Audio,C:\Users\user\Desktop\myenv\myenv\pet\dataset meow\B_MIN01_EU_FN_BEN01_104.wav,Calm
99,Cat,Meow,Audio,C:\Users\user\Desktop\myenv\myenv\pet\dataset meow\B_NIG01_MC_MN_SIM01_101.wav,Calm
100,Cat,Meow,Audio,C:\Users\user\Desktop\myenv\myenv\pet\dataset meow\B_NIG01_MC_MN_SIM01_102.wav,Calm
101,Cat,Meow,Audio,C:\Users\user\Desktop\myenv\myenv\pet\dataset meow\B_NIG01_MC_MN_SIM01_103.wav,Calm
102,Cat,Meow,Audio,C:\Users\user\Desktop\myenv\myenv\pet\dataset meow\B_NIG01_MC_MN_SIM01_201.wav,Calm
103,Cat,Meow,Audio,C:\Users\user\Desktop\myenv\myenv\pet\dataset meow\B_NUL01_MC_MI_SIM01_102.wav,Calm
104,Cat,Meow,Audio,C:\Users\user\Desktop\myenv\myenv\pet\dataset meow\B_NUL01_MC_MI_SIM01_201.wav,Calm
105,Cat,Meow,Audio,C:\Users\user\Desktop\myenv\myenv\pet\dataset meow\B_NUL01_MC_MI_SIM01_301.wav,Calm
106,Cat,Meow,Audio,C:\Users\user\Desktop\myenv\myenv\pet\dataset meow\B_NUL01_MC_MI_SIM01_302.wav,Calm
107,Cat,Meow,Audio,C:\Users\user\Desktop\myenv\myenv\pet\dataset meow\B_REG01_EU_FN_GIO01_101.wav,Calm
108,Cat,Meow,Audio,C:\Users\user\Desktop\myenv\myenv\pet\dataset meow\B_REG01_EU_FN_GIO01_102.wav,Calm
109,Cat,Meow,Audio,C:\Users\user\Desktop\myenv\myenv\pet\dataset meow\B_REG01_EU_FN_GIO01_201.wav,Calm
110,Cat,Meow,Audio,C:\Users\user\Desktop\myenv\myenv\pet\dataset meow\B_SPI01_EU_MN_NAI01_101.wav,Calm
111,Cat,Meow,Audio,C:\Users\user\Desktop\myenv\myenv\pet\dataset meow\B_SPI01_EU_MN_NAI01_102.wav,Calm
112,Cat,Meow,Audio,C:\Users\user\Desktop\myenv\myenv\pet\dataset meow\B_SPI01_EU_MN_NAI01_103.wav,Calm
113,Cat,Meow,Audio,C:\Users\user\Desktop\myenv\myenv\pet\dataset meow\B_SPI01_EU_MN_NAI01_301.wav,Calm
114,Cat,Meow,Audio,C:\Users\user\Desktop\myenv\myenv\pet\dataset meow\B_TIG01_EU_FN_GIU01_201.wav,Calm
115,Cat,Meow,Audio,C:\Users\user\Desktop\myenv\myenv\pet\dataset meow\B_TIG01_EU_FN_GIU01_301.wav,Calm
116,Cat,Meow,Audio,C:\Users\user\Desktop\myenv\myenv\pet\dataset meow\B_WHO01_MC_FI_SIM01_101.wav,Calm
117,Cat,Meow,Audio,C:\Users\user\Desktop\myenv\myenv\pet\dataset meow\B_WHO01_MC_FI_SIM01_102.wav,Calm
118,Cat,Meow,Audio,C:\Users\user\Desktop\myenv\myenv\pet\dataset meow\B_WHO01_MC_FI_SIM01_103.wav,Calm
119,Cat,Meow,Audio,C:\Users\user\Desktop\myenv\myenv\pet\dataset meow\B_WHO01_MC_FI_SIM01_104.wav,Calm
120,Cat,Meow,Audio,C:\Users\user\Desktop\myenv\myenv\pet\dataset meow\B_WHO01_MC_FI_SIM01_201.wav,Calm
121,Cat,Meow,Audio,C:\Users\user\Desktop\myenv\myenv\pet\dataset meow\B_WHO01_MC_FI_SIM01_202.wav,Calm
122,Cat,Meow,Audio,C:\Users\user\Desktop\myenv\myenv\pet\dataset meow\B_WHO01_MC_FI_SIM01_203.wav,Calm
123,Cat,Meow,Audio,C:\Users\user\Desktop\myenv\myenv\pet\dataset meow\B_WHO01_MC_FI_SIM01_204.wav,Calm
124,Cat,Meow,Audio,C:\Users\user\Desktop\myenv\myenv\pet\dataset meow\B_WHO01_MC_FI_SIM01_301.wav,Calm
125,Cat,Meow,Audio,C:\Users\user\Desktop\myenv\myenv\pet\dataset meow\B_WHO01_MC_FI_SIM01_302.wav,Calm
126,Cat,Meow,Audio,C:\Users\user\Desktop\myenv\myenv\pet\dataset meow\B_WHO01_MC_FI_SIM01_304.wav,Calm
127,Cat,Meow,Audio,C:\Users\user\Desktop\myenv\myenv\pet\dataset meow\B_WHO01_MC_FI_SIM01_305.wav,Calm
128,Cat,Meow,Audio,C:\Users\user\Desktop\myenv\myenv\pet\dataset meow\F_BAC01_MC_MN_SIM01_101.wav,Hungry
129,Cat,Meow,Audio,C:\Users\user\Desktop\myenv\myenv\pet\dataset meow\F_BAC01_MC_MN_SIM01_102.wav,Hungry
130,Cat,Meow,Audio,C:\Users\user\Desktop\myenv\myenv\pet\dataset meow\F_BAC01_MC_MN_SIM01_103.wav,Hungry
131,Cat,Meow,Audio,C:\Users\user\Desktop\myenv\myenv\pet\dataset meow\F_BAC01_MC_MN_SIM01_104.wav,Hungry
132,Cat,Meow,Audio,C:\Users\user\Desktop\myenv\myenv\pet\dataset meow\F_BAC01_MC_MN_SIM01_105.wav,Hungry
133,Cat,Meow,Audio,C:\Users\user\Desktop\myenv\myenv\pet\dataset meow\F_BAC01_MC_MN_SIM01_106.wav,Hungry
134,Cat,Meow,Audio,C:\Users\user\Desktop\myenv\myenv\pet\dataset meow\F_BAC01_MC_MN_SIM01_107.wav,Hungry
135,Cat,Meow,Audio,C:\Users\user\Desktop\myenv\myenv\pet\dataset meow\F_BAC01_MC_MN_SIM01_108.wav,Hungry
136,Cat,Meow,Audio,C:\Users\user\Desktop\myenv\myenv\pet\dataset meow\F_BAC01_MC_MN_SIM01_109.wav,Hungry
137,Cat,Meow,Audio,C:\Users\user\Desktop\myenv\myenv\pet\dataset meow\F_BAC01_MC_MN_SIM01_110.wav,Hungry
138,Cat,Meow,Audio,C:\Users\user\Desktop\myenv\myenv\pet\dataset meow\F_BAC01_MC_MN_SIM01_111.wav,Hungry
139,Cat,Meow,Audio,C:\Users\user\Desktop\myenv\myenv\pet\dataset meow\F_BAC01_MC_MN_SIM01_112.wav,Hungry
140,Cat,Meow,Audio,C:\Users\user\Desktop\myenv\myenv\pet\dataset meow\F_BAC01_MC_MN_SIM01_113.wav,Hungry
141,Cat,Meow,Audio,C:\Users\user\Desktop\myenv\myenv\pet\dataset meow\F_BAC01_MC_MN_SIM01_114.wav,Hungry
142,Cat,Meow,Audio,C:\Users\user\Desktop\myenv\myenv\pet\dataset meow\F_BAC01_MC_MN_SIM01_115.wav,Hungry
143,Cat,Meow,Audio,C:\Users\user\Desktop\myenv\myenv\pet\dataset meow\F_BAC01_MC_MN_SIM01_116.wav,Hungry
144,Cat,Meow,Audio,C:\Users\user\Desktop\myenv\myenv\pet\dataset meow\F_BAC01_MC_MN_SIM01_117.wav,Hungry
145,Cat,Meow,Audio,C:\Users\user\Desktop\myenv\myenv\pet\dataset meow\F_BAC01_MC_MN_SIM01_118.wav,Hungry
146,Cat,Meow,Audio,C:\Users\user\Desktop\myenv\myenv\pet\dataset meow\F_BAC01_MC_MN_SIM01_119.wav,Hungry
147,Cat,Meow,Audio,C:\Users\user\Desktop\myenv\myenv\pet\dataset meow\F_BAC01_MC_MN_SIM01_120.wav,Hungry
148,Cat,Meow,Audio,C:\Users\user\Desktop\myenv\myenv\pet\dataset meow\F_BAC01_MC_MN_SIM01_121.wav,Hungry
149,Cat,Meow,Audio,C:\Users\user\Desktop\myenv\myenv\pet\dataset meow\F_BAC01_MC_MN_SIM01_122.wav,Hungry
150,Cat,Meow,Audio,C:\Users\user\Desktop\myenv\myenv\pet\dataset meow\F_BAC01_MC_MN_SIM01_123.wav,Hungry
151,Cat,Meow,Audio,C:\Users\user\Desktop\myenv\myenv\pet\dataset meow\F_BAC01_MC_MN_SIM01_124.wav,Hungry
152,Cat,Meow,Audio,C:\Users\user\Desktop\myenv\myenv\pet\dataset meow\F_BAC01_MC_MN_SIM01_125.wav,Hungry
153,Cat,Meow,Audio,C:\Users\user\Desktop\myenv\myenv\pet\dataset meow\F_BAC01_MC_MN_SIM01_126.wav,Hungry
154,Cat,Meow,Audio,C:\Users\user\Desktop\myenv\myenv\pet\dataset meow\F_BAC01_MC_MN_SIM01_127.wav,Hungry
155,Cat,Meow,Audio,C:\Users\user\Desktop\myenv\myenv\pet\dataset meow\F_BAC01_MC_MN_SIM01_128.wav,Hungry
156,Cat,Meow,Audio,C:\Users\user\Desktop\myenv\myenv\pet\dataset meow\F_BAC01_MC_MN_SIM01_129.wav,Hungry
157,Cat,Meow,Audio,C:\Users\user\Desktop\myenv\myenv\pet\dataset meow\F_BAC01_MC_MN_SIM01_130.wav,Hungry
158,Cat,Meow,Audio,C:\Users\user\Desktop\myenv\myenv\pet\dataset meow\F_BAC01_MC_MN_SIM01_131.wav,Hungry
159,Cat,Meow,Audio,C:\Users\user\Desktop\myenv\myenv\pet\dataset meow\F_BAC01_MC_MN_SIM01_132.wav,Hungry
160,Cat,Meow,Audio,C:\Users\user\Desktop\myenv\myenv\pet\dataset meow\F_BAC01_MC_MN_SIM01_133.wav,Hungry
161,Cat,Meow,Audio,C:\Users\user\Desktop\myenv\myenv\pet\dataset meow\F_BAC01_MC_MN_SIM01_134.wav,Hungry
162,Cat,Meow,Audio,C:\Users\user\Desktop\myenv\myenv\pet\dataset meow\F_BAC01_MC_MN_SIM01_135.wav,Hungry
163,Cat,Meow,Audio,C:\Users\user\Desktop\myenv\myenv\pet\dataset meow\F_BAC01_MC_MN_SIM01_136.wav,Hungry
164,Cat,Meow,Audio,C:\Users\user\Desktop\myenv\myenv\pet\dataset meow\F_BAC01_MC_MN_SIM01_137.wav,Hungry
165,Cat,Meow,Audio,C:\Users\user\Desktop\myenv\myenv\pet\dataset meow\F_BAC01_MC_MN_SIM01_138.wav,Hungry
166,Cat,Meow,Audio,C:\Users\user\Desktop\myenv\myenv\pet\dataset meow\F_BAC01_MC_MN_SIM01_139.wav,Hungry
167,Cat,Meow,Audio,C:\Users\user\Desktop\myenv\myenv\pet\dataset meow\F_BAC01_MC_MN_SIM01_140.wav,Hungry
168,Cat,Meow,Audio,C:\Users\user\Desktop\myenv\myenv\pet\dataset meow\F_BAC01_MC_MN_SIM01_201.wav,Hungry
169,Cat,Meow,Audio,C:\Users\user\Desktop\myenv\myenv\pet\dataset meow\F_BAC01_MC_MN_SIM01_202.wav,Hungry
170,Cat,Meow,Audio,C:\Users\user\Desktop\myenv\myenv\pet\dataset meow\F_BAC01_MC_MN_SIM01_203.wav,Hungry
171,Cat,Meow,Audio,C:\Users\user\Desktop\myenv\myenv\pet\dataset meow\F_BAC01_MC_MN_SIM01_301.wav,Hungry
172,Cat,Meow,Audio,C:\Users\user\Desktop\myenv\myenv\pet\dataset meow\F_BAC01_MC_MN_SIM01_302.wav,Hungry
173,Cat,Meow,Audio,C:\Users\user\Desktop\myenv\myenv\pet\dataset meow\F_BAC01_MC_MN_SIM01_303.wav,Hungry
174,Cat,Meow,Audio,C:\Users\user\Desktop\myenv\myenv\pet\dataset meow\F_BAC01_MC_MN_SIM01_304.wav,Hungry
175,Cat,Meow,Audio,C:\Users\user\Desktop\myenv\myenv\pet\dataset meow\F_BLE01_EU_FN_DEL01_101.wav,Hungry
176,Cat,Meow,Audio,C:\Users\user\Desktop\myenv\myenv\pet\dataset meow\F_BLE01_EU_FN_DEL01_102.wav,Hungry
177,Cat,Meow,Audio,C:\Users\user\Desktop\myenv\myenv\pet\dataset meow\F_BLE01_EU_FN_DEL01_103.wav,Hungry
178,Cat,Meow,Audio,C:\Users\user\Desktop\myenv\myenv\pet\dataset meow\F_BRA01_MC_MN_SIM01_301.wav,Hungry
179,Cat,Meow,Audio,C:\Users\user\Desktop\myenv\myenv\pet\dataset meow\F_BRA01_MC_MN_SIM01_302.wav,Hungry
180,Cat,Meow,Audio,C:\Users\user\Desktop\myenv\myenv\pet\dataset meow\F_BRI01_MC_FI_SIM01_101.wav,Hungry
181,Cat,Meow,Audio,C:\Users\user\Desktop\myenv\myenv\pet\dataset meow\F_BRI01_MC_FI_SIM01_102.wav,Hungry
182,Cat,Meow,Audio,C:\Users\user\Desktop\myenv\myenv\pet\dataset meow\F_BRI01_MC_FI_SIM01_103.wav,Hungry
183,Cat,Meow,Audio,C:\Users\user\Desktop\myenv\myenv\pet\dataset meow\F_BRI01_MC_FI_SIM01_104.wav,Hungry
184,Cat,Meow,Audio,C:\Users\user\Desktop\myenv\myenv\pet\dataset meow\F_BRI01_MC_FI_SIM01_105.wav,Hungry
185,Cat,Meow,Audio,C:\Users\user\Desktop\myenv\myenv\pet\dataset meow\F_BRI01_MC_FI_SIM01_106.wav,Hungry
186,Cat,Meow,Audio,C:\Users\user\Desktop\myenv\myenv\pet\dataset meow\F_BRI01_MC_FI_SIM01_201.wav,Hungry
187,Cat,Meow,Audio,C:\Users\user\Desktop\myenv\myenv\pet\dataset meow\F_BRI01_MC_FI_SIM01_202.wav,Hungry
188,Cat,Meow,Audio,C:\Users\user\Desktop\myenv\myenv\pet\dataset meow\F_CAN01_EU_FN_GIA01_201.wav,Hungry
189,Cat,Meow,Audio,C:\Users\user\Desktop\myenv\myenv\pet\dataset meow\F_CAN01_EU_FN_GIA01_202.wav,Hungry
190,Cat,Meow,Audio,C:\Users\user\Desktop\myenv\myenv\pet\dataset meow\F_DAK01_MC_FN_SIM01_301.wav,Hungry
191,Cat,Meow,Audio,C:\Users\user\Desktop\myenv\myenv\pet\dataset meow\F_DAK01_MC_FN_SIM01_302.wav,Hungry
192,Cat,Meow,Audio,C:\Users\user\Desktop\myenv\myenv\pet\dataset meow\F_DAK01_MC_FN_SIM01_303.wav,Hungry
193,Cat,Meow,Audio,C:\Users\user\Desktop\myenv\myenv\pet\dataset meow\F_DAK01_MC_FN_SIM01_304.wav,Hungry
194,Cat,Meow,Audio,C:\Users\user\Desktop\myenv\myenv\pet\dataset meow\F_IND01_EU_FN_ELI01_101.wav,Hungry
195,Cat,Meow,Audio,C:\Users\user\Desktop\myenv\myenv\pet\dataset meow\F_IND01_EU_FN_ELI01_102.wav,Hungry
196,Cat,Meow,Audio,C:\Users\user\Desktop\myenv\myenv\pet\dataset meow\F_IND01_EU_FN_ELI01_103.wav,Hungry
197,Cat,Meow,Audio,C:\Users\user\Desktop\myenv\myenv\pet\dataset meow\F_IND01_EU_FN_ELI01_104.wav,Hungry
198,Cat,Meow,Audio,C:\Users\user\Desktop\myenv\myenv\pet\dataset meow\F_IND01_EU_FN_ELI01_201.wav,Hungry
199,Cat,Meow,Audio,C:\Users\user\Desktop\myenv\myenv\pet\dataset meow\F_IND01_EU_FN_ELI01_202.wav,Hungry
200,Cat,Meow,Audio,C:\Users\user\Desktop\myenv\myenv\pet\dataset meow\F_IND01_EU_FN_ELI01_203.wav,Hungry
201,Cat,Meow,Audio,C:\Users\user\Desktop\myenv\myenv\pet\dataset meow\F_IND01_EU_FN_ELI01_301.wav,Hungry
202,Cat,Meow,Audio,C:\Users\user\Desktop\myenv\myenv\pet\dataset meow\F_IND01_EU_FN_ELI01_302.wav,Hungry
203,Cat,Meow,Audio,C:\Users\user\Desktop\myenv\myenv\pet\dataset meow\F_IND01_EU_FN_ELI01_304.wav,Hungry
204,Cat,Meow,Audio,C:\Users\user\Desktop\myenv\myenv\pet\dataset meow\F_LEO01_EU_MI_RIT01_101.wav,Hungry
205,Cat,Meow,Audio,C:\Users\user\Desktop\myenv\myenv\pet\dataset meow\F_LEO01_EU_MI_RIT01_102.wav,Hungry
206,Cat,Meow,Audio,C:\Users\user\Desktop\myenv\myenv\pet\dataset meow\F_LEO01_EU_MI_RIT01_103.wav,Hungry
207,Cat,Meow,Audio,C:\Users\user\Desktop\myenv\myenv\pet\dataset meow\F_LEO01_EU_MI_RIT01_104.wav,Hungry
208,Cat,Meow,Audio,C:\Users\user\Desktop\myenv\myenv\pet\dataset meow\F_LEO01_EU_MI_RIT01_105.wav,Hungry
209,Cat,Meow,Audio,C:\Users\user\Desktop\myenv\myenv\pet\dataset meow\F_MAG01_EU_FN_FED01_101.wav,Hungry
210,Cat,Meow,Audio,C:\Users\user\Desktop\myenv\myenv\pet\dataset meow\F_MAG01_EU_FN_FED01_102.wav,Hungry
211,Cat,Meow,Audio,C:\Users\user\Desktop\myenv\myenv\pet\dataset meow\F_MAG01_EU_FN_FED01_103.wav,Hungry
212,Cat,Meow,Audio,C:\Users\user\Desktop\myenv\myenv\pet\dataset meow\F_MAG01_EU_FN_FED01_104.wav,Hungry
213,Cat,Meow,Audio,C:\Users\user\Desktop\myenv\myenv\pet\dataset meow\F_MAG01_EU_FN_FED01_105.wav,Hungry
214,Cat,Meow,Audio,C:\Users\user\Desktop\myenv\myenv\pet\dataset meow\F_MAG01_EU_FN_FED01_106.wav,Hungry
215,Cat,Meow,Audio,C:\Users\user\Desktop\myenv\myenv\pet\dataset meow\F_MAG01_EU_FN_FED01_201.wav,Hungry
216,Cat,Meow,Audio,C:\Users\user\Desktop\myenv\myenv\pet\dataset meow\F_MAG01_EU_FN_FED01_202.wav,Hungry
217,Cat,Meow,Audio,C:\Users\user\Desktop\myenv\myenv\pet\dataset meow\F_MAG01_EU_FN_FED01_203.wav,Hungry
218,Cat,Meow,Audio,C:\Users\user\Desktop\myenv\myenv\pet\dataset meow\F_MAG01_EU_FN_FED01_301.wav,Hungry
219,Cat,Meow,Audio,C:\Users\user\Desktop\myenv\myenv\pet\dataset meow\F_MAG01_EU_FN_FED01_302.wav,Hungry
220,Cat,Meow,Audio,C:\Users\user\Desktop\myenv\myenv\pet\dataset meow\F_MAG01_EU_FN_FED01_303.wav,Hungry
221,Cat,Meow,Audio,C:\Users\user\Desktop\myenv\myenv\pet\dataset meow\F_MAG01_EU_FN_FED01_304.wav,Hungry
222,Cat,Meow,Audio,C:\Users\user\Desktop\myenv\myenv\pet\dataset meow\F_MAG01_EU_FN_FED01_305.wav,Hungry
223,Cat,Meow,Audio,C:\Users\user\Desktop\myenv\myenv\pet\dataset meow\F_MAT01_EU_FN_RIT01_101.wav,Hungry
224,Cat,Meow,Audio,C:\Users\user\Desktop\myenv\myenv\pet\dataset meow\F_MAT01_EU_FN_RIT01_102.wav,Hungry
225,Cat,Meow,Audio,C:\Users\user\Desktop\myenv\myenv\pet\dataset meow\F_MAT01_EU_FN_RIT01_103.wav,Hungry
226,Cat,Meow,Audio,C:\Users\user\Desktop\myenv\myenv\pet\dataset meow\F_MAT01_EU_FN_RIT01_301.wav,Hungry
227,Cat,Meow,Audio,C:\Users\user\Desktop\myenv\myenv\pet\dataset meow\F_MAT01_EU_FN_RIT01_302.wav,Hungry
228,Cat,Meow,Audio,C:\Users\user\Desktop\myenv\myenv\pet\dataset meow\F_MAT01_EU_FN_RIT01_303.wav,Hungry
229,Cat,Meow,Audio,C:\Users\user\Desktop\myenv\myenv\pet\dataset meow\F_MEG01_MC_FI_SIM01_301.wav,Hungry
230,Cat,Meow,Audio,C:\Users\user\Desktop\myenv\myenv\pet\dataset meow\F_MEG01_MC_FI_SIM01_302.wav,Hungry
231,Cat,Meow,Audio,C:\Users\user\Desktop\myenv\myenv\pet\dataset meow\F_MEG01_MC_FI_SIM01_303.wav,Hungry
232,Cat,Meow,Audio,C:\Users\user\Desktop\myenv\myenv\pet\dataset meow\F_MEG01_MC_FI_SIM01_304.wav,Hungry
233,Cat,Meow,Audio,C:\Users\user\Desktop\myenv\myenv\pet\dataset meow\F_MIN01_EU_FN_BEN01_101.wav,Hungry
234,Cat,Meow,Audio,C:\Users\user\Desktop\myenv\myenv\pet\dataset meow\F_MIN01_EU_FN_BEN01_102.wav,Hungry
235,Cat,Meow,Audio,C:\Users\user\Desktop\myenv\myenv\pet\dataset meow\F_MIN01_EU_FN_BEN01_103.wav,Hungry
236,Cat,Meow,Audio,C:\Users\user\Desktop\myenv\myenv\pet\dataset meow\F_MIN01_EU_FN_BEN01_104.wav,Hungry
237,Cat,Meow,Audio,C:\Users\user\Desktop\myenv\myenv\pet\dataset meow\F_REG01_EU_FN_GIO01_201.wav,Hungry
238,Cat,Meow,Audio,C:\Users\user\Desktop\myenv\myenv\pet\dataset meow\F_SPI01_EU_MN_NAI01_101.wav,Hungry
239,Cat,Meow,Audio,C:\Users\user\Desktop\myenv\myenv\pet\dataset meow\F_SPI01_EU_MN_NAI01_102.wav,Hungry
240,Cat,Meow,Audio,C:\Users\user\Desktop\myenv\myenv\pet\dataset meow\F_SPI01_EU_MN_NAI01_103.wav,Hungry
241,Cat,Meow,Audio,C:\Users\user\Desktop\myenv\myenv\pet\dataset meow\F_SPI01_EU_MN_NAI01_104.wav,Hungry
242,Cat,Meow,Audio,C:\Users\user\Desktop\myenv\myenv\pet\dataset meow\F_SPI01_EU_MN_NAI01_201.wav,Hungry
243,Cat,Meow,Audio,C:\Users\user\Desktop\myenv\myenv\pet\dataset meow\F_SPI01_EU_MN_NAI01_202.wav,Hungry
244,Cat,Meow,Audio,C:\Users\user\Desktop\myenv\myenv\pet\dataset meow\F_SPI01_EU_MN_NAI01_203.wav,Hungry
245,Cat,Meow,Audio,C:\Users\user\Desktop\myenv\myenv\pet\dataset meow\F_SPI01_EU_MN_NAI01_301.wav,Hungry
246,Cat,Meow,Audio,C:\Users\user\Desktop\myenv\myenv\pet\dataset meow\F_WHO01_MC_FI_SIM01_101.wav,Hungry
247,Cat,Meow,Audio,C:\Users\user\Desktop\myenv\myenv\pet\dataset meow\F_WHO01_MC_FI_SIM01_102.wav,Hungry
248,Cat,Meow,Audio,C:\Users\user\Desktop\myenv\myenv\pet\dataset meow\F_WHO01_MC_FI_SIM01_103.wav,Hungry
249,Cat,Meow,Audio,C:\Users\user\Desktop\myenv\myenv\pet\dataset meow\F_WHO01_MC_FI_SIM01_301.wav,Hungry
250,Cat,Meow,Audio,C:\Users\user\Desktop\myenv\myenv\pet\dataset meow\F_WHO01_MC_FI_SIM01_302.wav,Hungry
251,Cat,Meow,Audio,C:\Users\user\Desktop\myenv\myenv\pet\dataset meow\F_WHO01_MC_FI_SIM01_303.wav,Hungry
252,Cat,Meow,Audio,C:\Users\user\Desktop\myenv\myenv\pet\dataset meow\F_WHO01_MC_FI_SIM01_304.wav,Hungry
253,Cat,Meow,Audio,C:\Users\user\Desktop\myenv\myenv\pet\dataset meow\F_WHO01_MC_FI_SIM01_306.wav,Hungry
254,Cat,Meow,Audio,C:\Users\user\Desktop\myenv\myenv\pet\dataset meow\F_WHO01_MC_FI_SIM01_307.wav,Hungry
255,Cat,Meow,Audio,C:\Users\user\Desktop\myenv\myenv\pet\dataset meow\I_ANI01_MC_FN_SIM01_101.wav,Anxious
256,Cat,Meow,Audio,C:\Users\user\Desktop\myenv\myenv\pet\dataset meow\I_ANI01_MC_FN_SIM01_102.wav,Anxious
257,Cat,Meow,Audio,C:\Users\user\Desktop\myenv\myenv\pet\dataset meow\I_ANI01_MC_FN_SIM01_103.wav,Anxious
258,Cat,Meow,Audio,C:\Users\user\Desktop\myenv\myenv\pet\dataset meow\I_ANI01_MC_FN_SIM01_104.wav,Anxious
259,Cat,Meow,Audio,C:\Users\user\Desktop\myenv\myenv\pet\dataset meow\I_BAC01_MC_MN_SIM01_101.wav,Anxious
260,Cat,Meow,Audio,C:\Users\user\Desktop\myenv\myenv\pet\dataset meow\I_BAC01_MC_MN_SIM01_102.wav,Anxious
261,Cat,Meow,Audio,C:\Users\user\Desktop\myenv\myenv\pet\dataset meow\I_BAC01_MC_MN_SIM01_103.wav,Anxious
262,Cat,Meow,Audio,C:\Users\user\Desktop\myenv\myenv\pet\dataset meow\I_BAC01_MC_MN_SIM01_301.wav,Anxious
263,Cat,Meow,Audio,C:\Users\user\Desktop\myenv\myenv\pet\dataset meow\I_BAC01_MC_MN_SIM01_302.wav,Anxious
264,Cat,Meow,Audio,C:\Users\user\Desktop\myenv\myenv\pet\dataset meow\I_BAC01_MC_MN_SIM01_303.wav,Anxious
265,Cat,Meow,Audio,C:\Users\user\Desktop\myenv\myenv\pet\dataset meow\I_BAC01_MC_MN_SIM10_102.wav,Anxious
266,Cat,Meow,Audio,C:\Users\user\Desktop\myenv\myenv\pet\dataset meow\I_BLE01_EU_FN_DEL01_101.wav,Anxious
267,Cat,Meow,Audio,C:\Users\user\Desktop\myenv\myenv\pet\dataset meow\I_BLE01_EU_FN_DEL01_102.wav,Anxious
268,Cat,Meow,Audio,C:\Users\user\Desktop\myenv\myenv\pet\dataset meow\I_BLE01_EU_FN_DEL01_103.wav,Anxious
269,Cat,Meow,Audio,C:\Users\user\Desktop\myenv\myenv\pet\dataset meow\I_BLE01_EU_FN_DEL01_104.wav,Anxious
270,Cat,Meow,Audio,C:\Users\user\Desktop\myenv\myenv\pet\dataset meow\I_BLE01_EU_FN_DEL01_105.wav,Anxious
271,Cat,Meow,Audio,C:\Users\user\Desktop\myenv\myenv\pet\dataset meow\I_BLE01_EU_FN_DEL01_106.wav,Anxious
272,Cat,Meow,Audio,C:\Users\user\Desktop\myenv\myenv\pet\dataset meow\I_BLE01_EU_FN_DEL01_107.wav,Anxious
273,Cat,Meow,Audio,C:\Users\user\Desktop\myenv\myenv\pet\dataset meow\I_BLE01_EU_FN_DEL01_108.wav,Anxious
274,Cat,Meow,Audio,C:\Users\user\Desktop\myenv\myenv\pet\dataset meow\I_BLE01_EU_FN_DEL01_109.wav,Anxious
275,Cat,Meow,Audio,C:\Users\user\Desktop\myenv\myenv\pet\dataset meow\I_BLE01_EU_FN_DEL01_110.wav,Anxious
276,Cat,Meow,Audio,C:\Users\user\Desktop\myenv\myenv\pet\dataset meow\I_BLE01_EU_FN_DEL01_201.wav,Anxious
277,Cat,Meow,Audio,C:\Users\user\Desktop\myenv\myenv\pet\dataset meow\I_BLE01_EU_FN_DEL01_202.wav,Anxious
278,Cat,Meow,Audio,C:\Users\user\Desktop\myenv\myenv\pet\dataset meow\I_BLE01_EU_FN_DEL01_203.wav,Anxious
279,Cat,Meow,Audio,C:\Users\user\Desktop\myenv\myenv\pet\dataset meow\I_BLE01_EU_FN_DEL01_204.wav,Anxious
280,Cat,Meow,Audio,C:\Users\user\Desktop\myenv\myenv\pet\dataset meow\I_BLE01_EU_FN_DEL01_205.wav,Anxious
281,Cat,Meow,Audio,C:\Users\user\Desktop\myenv\myenv\pet\dataset meow\I_BLE01_EU_FN_DEL01_206.wav,Anxious
282,Cat,Meow,Audio,C:\Users\user\Desktop\myenv\myenv\pet\dataset meow\I_BLE01_EU_FN_DEL01_207.wav,Anxious
283,Cat,Meow,Audio,C:\Users\user\Desktop\myenv\myenv\pet\dataset meow\I_BLE01_EU_FN_DEL01_208.wav,Anxious
284,Cat,Meow,Audio,C:\Users\user\Desktop\myenv\myenv\pet\dataset meow\I_BLE01_EU_FN_DEL01_209.wav,Anxious
285,Cat,Meow,Audio,C:\Users\user\Desktop\myenv\myenv\pet\dataset meow\I_BLE01_EU_FN_DEL01_210.wav,Anxious
286,Cat,Meow,Audio,C:\Users\user\Desktop\myenv\myenv\pet\dataset meow\I_BLE01_EU_FN_DEL01_211.wav,Anxious
287,Cat,Meow,Audio,C:\Users\user\Desktop\myenv\myenv\pet\dataset meow\I_BLE01_EU_FN_DEL01_212.wav,Anxious
288,Cat,Meow,Audio,C:\Users\user\Desktop\myenv\myenv\pet\dataset meow\I_BLE01_EU_FN_DEL01_213.wav,Anxious
289,Cat,Meow,Audio,C:\Users\user\Desktop\myenv\myenv\pet\dataset meow\I_BLE01_EU_FN_DEL01_214.wav,Anxious
290,Cat,Meow,Audio,C:\Users\user\Desktop\myenv\myenv\pet\dataset meow\I_BLE01_EU_FN_DEL01_215.wav,Anxious
291,Cat,Meow,Audio,C:\Users\user\Desktop\myenv\myenv\pet\dataset meow\I_BLE01_EU_FN_DEL01_216.wav,Anxious
292,Cat,Meow,Audio,C:\Users\user\Desktop\myenv\myenv\pet\dataset meow\I_BLE01_EU_FN_DEL01_217.wav,Anxious
293,Cat,Meow,Audio,C:\Users\user\Desktop\myenv\myenv\pet\dataset meow\I_BLE01_EU_FN_DEL01_218.wav,Anxious
294,Cat,Meow,Audio,C:\Users\user\Desktop\myenv\myenv\pet\dataset meow\I_BLE01_EU_FN_DEL01_219.wav,Anxious
295,Cat,Meow,Audio,C:\Users\user\Desktop\myenv\myenv\pet\dataset meow\I_BLE01_EU_FN_DEL01_301.wav,Anxious
296,Cat,Meow,Audio,C:\Users\user\Desktop\myenv\myenv\pet\dataset meow\I_BLE01_EU_FN_DEL01_302.wav,Anxious
297,Cat,Meow,Audio,C:\Users\user\Desktop\myenv\myenv\pet\dataset meow\I_BLE01_EU_FN_DEL01_303.wav,Anxious
298,Cat,Meow,Audio,C:\Users\user\Desktop\myenv\myenv\pet\dataset meow\I_BLE01_EU_FN_DEL01_304.wav,Anxious
299,Cat,Meow,Audio,C:\Users\user\Desktop\myenv\myenv\pet\dataset meow\I_BLE01_EU_FN_DEL01_305.wav,Anxious
300,Cat,Meow,Audio,C:\Users\user\Desktop\myenv\myenv\pet\dataset meow\I_BLE01_EU_FN_DEL01_306.wav,Anxious
301,Cat,Meow,Audio,C:\Users\user\Desktop\myenv\myenv\pet\dataset meow\I_BLE01_EU_FN_DEL01_307.wav,Anxious
302,Cat,Meow,Audio,C:\Users\user\Desktop\myenv\myenv\pet\dataset meow\I_BLE01_EU_FN_DEL01_308.wav,Anxious
303,Cat,Meow,Audio,C:\Users\user\Desktop\myenv\myenv\pet\dataset meow\I_BLE01_EU_FN_DEL01_309.wav,Anxious
304,Cat,Meow,Audio,C:\Users\user\Desktop\myenv\myenv\pet\dataset meow\I_BLE01_EU_FN_DEL01_310.wav,Anxious
305,Cat,Meow,Audio,C:\Users\user\Desktop\myenv\myenv\pet\dataset meow\I_BLE01_EU_FN_DEL01_311.wav,Anxious
306,Cat,Meow,Audio,C:\Users\user\Desktop\myenv\myenv\pet\dataset meow\I_BLE01_EU_FN_DEL01_401.wav,Anxious
307,Cat,Meow,Audio,C:\Users\user\Desktop\myenv\myenv\pet\dataset meow\I_BLE01_EU_FN_DEL01_402.wav,Anxious
308,Cat,Meow,Audio,C:\Users\user\Desktop\myenv\myenv\pet\dataset meow\I_BLE01_EU_FN_DEL01_403.wav,Anxious
309,Cat,Meow,Audio,C:\Users\user\Desktop\myenv\myenv\pet\dataset meow\I_BLE01_EU_FN_DEL01_404.wav,Anxious
310,Cat,Meow,Audio,C:\Users\user\Desktop\myenv\myenv\pet\dataset meow\I_BLE01_EU_FN_DEL01_405.wav,Anxious
311,Cat,Meow,Audio,C:\Users\user\Desktop\myenv\myenv\pet\dataset meow\I_BRA01_MC_MN_SIM01_101.wav,Anxious
312,Cat,Meow,Audio,C:\Users\user\Desktop\myenv\myenv\pet\dataset meow\I_BRA01_MC_MN_SIM01_102.wav,Anxious
313,Cat,Meow,Audio,C:\Users\user\Desktop\myenv\myenv\pet\dataset meow\I_BRA01_MC_MN_SIM01_103.wav,Anxious
314,Cat,Meow,Audio,C:\Users\user\Desktop\myenv\myenv\pet\dataset meow\I_BRA01_MC_MN_SIM01_104.wav,Anxious
315,Cat,Meow,Audio,C:\Users\user\Desktop\myenv\myenv\pet\dataset meow\I_BRA01_MC_MN_SIM01_301.wav,Anxious
316,Cat,Meow,Audio,C:\Users\user\Desktop\myenv\myenv\pet\dataset meow\I_BRA01_MC_MN_SIM01_302.wav,Anxious
317,Cat,Meow,Audio,C:\Users\user\Desktop\myenv\myenv\pet\dataset meow\I_BRA01_MC_MN_SIM01_303.wav,Anxious
318,Cat,Meow,Audio,C:\Users\user\Desktop\myenv\myenv\pet\dataset meow\I_BRA01_MC_MN_SIM01_304.wav,Anxious
319,Cat,Meow,Audio,C:\Users\user\Desktop\myenv\myenv\pet\dataset meow\I_BRA01_MC_MN_SIM01_305.wav,Anxious
320,Cat,Meow,Audio,C:\Users\user\Desktop\myenv\myenv\pet\dataset meow\I_BRA01_MC_MN_SIM01_306.wav,Anxious
321,Cat,Meow,Audio,C:\Users\user\Desktop\myenv\myenv\pet\dataset meow\I_CAN01_EU_FN_GIA01_101.wav,Anxious
322,Cat,Meow,Audio,C:\Users\user\Desktop\myenv\myenv\pet\dataset meow\I_CAN01_EU_FN_GIA01_102.wav,Anxious
323,Cat,Meow,Audio,C:\Users\user\Desktop\myenv\myenv\pet\dataset meow\I_CAN01_EU_FN_GIA01_103.wav,Anxious
324,Cat,Meow,Audio,C:\Users\user\Desktop\myenv\myenv\pet\dataset meow\I_CAN01_EU_FN_GIA01_104.wav,Anxious
325,Cat,Meow,Audio,C:\Users\user\Desktop\myenv\myenv\pet\dataset meow\I_CAN01_EU_FN_GIA01_105.wav,Anxious
326,Cat,Meow,Audio,C:\Users\user\Desktop\myenv\myenv\pet\dataset meow\I_CAN01_EU_FN_GIA01_106.wav,Anxious
327,Cat,Meow,Audio,C:\Users\user\Desktop\myenv\myenv\pet\dataset meow\I_CAN01_EU_FN_GIA01_107.wav,Anxious
328,Cat,Meow,Audio,C:\Users\user\Desktop\myenv\myenv\pet\dataset meow\I_CAN01_EU_FN_GIA01_201.wav,Anxious
329,Cat,Meow,Audio,C:\Users\user\Desktop\myenv\myenv\pet\dataset meow\I_CAN01_EU_FN_GIA01_202.wav,Anxious
330,Cat,Meow,Audio,C:\Users\user\Desktop\myenv\myenv\pet\dataset meow\I_CAN01_EU_FN_GIA01_203.wav,Anxious
331,Cat,Meow,Audio,C:\Users\user\Desktop\myenv\myenv\pet\dataset meow\I_CAN01_EU_FN_GIA01_204.wav,Anxious
332,Cat,Meow,Audio,C:\Users\user\Desktop\myenv\myenv\pet\dataset meow\I_CAN01_EU_FN_GIA01_205.wav,Anxious
333,Cat,Meow,Audio,C:\Users\user\Desktop\myenv\myenv\pet\dataset meow\I_CAN01_EU_FN_GIA01_206.wav,Anxious
334,Cat,Meow,Audio,C:\Users\user\Desktop\myenv\myenv\pet\dataset meow\I_CAN01_EU_FN_GIA01_207.wav,Anxious
335,Cat,Meow,Audio,C:\Users\user\Desktop\myenv\myenv\pet\dataset meow\I_CAN01_EU_FN_GIA01_208.wav,Anxious
336,Cat,Meow,Audio,C:\Users\user\Desktop\myenv\myenv\pet\dataset meow\I_CAN01_EU_FN_GIA01_209.wav,Anxious
337,Cat,Meow,Audio,C:\Users\user\Desktop\myenv\myenv\pet\dataset meow\I_CAN01_EU_FN_GIA01_210.wav,Anxious
338,Cat,Meow,Audio,C:\Users\user\Desktop\myenv\myenv\pet\dataset meow\I_CAN01_EU_FN_GIA01_211.wav,Anxious
339,Cat,Meow,Audio,C:\Users\user\Desktop\myenv\myenv\pet\dataset meow\I_CAN01_EU_FN_GIA01_212.wav,Anxious
340,Cat,Meow,Audio,C:\Users\user\Desktop\myenv\myenv\pet\dataset meow\I_CAN01_EU_FN_GIA01_301.wav,Anxious
341,Cat,Meow,Audio,C:\Users\user\Desktop\myenv\myenv\pet\dataset meow\I_CAN01_EU_FN_GIA01_302.wav,Anxious
342,Cat,Meow,Audio,C:\Users\user\Desktop\myenv\myenv\pet\dataset meow\I_CAN01_EU_FN_GIA01_303.wav,Anxious
343,Cat,Meow,Audio,C:\Users\user\Desktop\myenv\myenv\pet\dataset meow\I_CAN01_EU_FN_GIA01_304.wav,Anxious
344,Cat,Meow,Audio,C:\Users\user\Desktop\myenv\myenv\pet\dataset meow\I_CAN01_EU_FN_GIA01_305.wav,Anxious
345,Cat,Meow,Audio,C:\Users\user\Desktop\myenv\myenv\pet\dataset meow\I_CAN01_EU_FN_GIA01_306.wav,Anxious
346,Cat,Meow,Audio,C:\Users\user\Desktop\myenv\myenv\pet\dataset meow\I_CAN01_EU_FN_GIA01_307.wav,Anxious
347,Cat,Meow,Audio,C:\Users\user\Desktop\myenv\myenv\pet\dataset meow\I_CLE01_EU_FN_FER01_101.wav,Anxious
348,Cat,Meow,Audio,C:\Users\user\Desktop\myenv\myenv\pet\dataset meow\I_CLE01_EU_FN_FER01_102.wav,Anxious
349,Cat,Meow,Audio,C:\Users\user\Desktop\myenv\myenv\pet\dataset meow\I_CLE01_EU_FN_FER01_103.wav,Anxious
350,Cat,Meow,Audio,C:\Users\user\Desktop\myenv\myenv\pet\dataset meow\I_CLE01_EU_FN_FER01_104.wav,Anxious
351,Cat,Meow,Audio,C:\Users\user\Desktop\myenv\myenv\pet\dataset meow\I_CLE01_EU_FN_FER01_105.wav,Anxious
352,Cat,Meow,Audio,C:\Users\user\Desktop\myenv\myenv\pet\dataset meow\I_CLE01_EU_FN_FER01_106.wav,Anxious
353,Cat,Meow,Audio,C:\Users\user\Desktop\myenv\myenv\pet\dataset meow\I_CLE01_EU_FN_FER01_107.wav,Anxious
354,Cat,Meow,Audio,C:\Users\user\Desktop\myenv\myenv\pet\dataset meow\I_CLE01_EU_FN_FER01_109.wav,Anxious
355,Cat,Meow,Audio,C:\Users\user\Desktop\myenv\myenv\pet\dataset meow\I_CLE01_EU_FN_FER01_110.wav,Anxious
356,Cat,Meow,Audio,C:\Users\user\Desktop\myenv\myenv\pet\dataset meow\I_CLE01_EU_FN_FER01_111.wav,Anxious
357,Cat,Meow,Audio,C:\Users\user\Desktop\myenv\myenv\pet\dataset meow\I_CLE01_EU_FN_FER01_112.wav,Anxious
358,Cat,Meow,Audio,C:\Users\user\Desktop\myenv\myenv\pet\dataset meow\I_CLE01_EU_FN_FER01_113.wav,Anxious
359,Cat,Meow,Audio,C:\Users\user\Desktop\myenv\myenv\pet\dataset meow\I_CLE01_EU_FN_FER01_114.wav,Anxious
360,Cat,Meow,Audio,C:\Users\user\Desktop\myenv\myenv\pet\dataset meow\I_CLE01_EU_FN_FER01_115.wav,Anxious
361,Cat,Meow,Audio,C:\Users\user\Desktop\myenv\myenv\pet\dataset meow\I_CLE01_EU_FN_FER01_116.wav,Anxious
362,Cat,Meow,Audio,C:\Users\user\Desktop\myenv\myenv\pet\dataset meow\I_CLE01_EU_FN_FER01_117.wav,Anxious
363,Cat,Meow,Audio,C:\Users\user\Desktop\myenv\myenv\pet\dataset meow\I_CLE01_EU_FN_FER01_118.wav,Anxious
364,Cat,Meow,Audio,C:\Users\user\Desktop\myenv\myenv\pet\dataset meow\I_CLE01_EU_FN_FER01_119.wav,Anxious
365,Cat,Meow,Audio,C:\Users\user\Desktop\myenv\myenv\pet\dataset meow\I_CLE01_EU_FN_FER01_120.wav,Anxious
366,Cat,Meow,Audio,C:\Users\user\Desktop\myenv\myenv\pet\dataset meow\I_CLE01_EU_FN_FER01_121.wav,Anxious
367,Cat,Meow,Audio,C:\Users\user\Desktop\myenv\myenv\pet\dataset meow\I_DAK01_MC_FN_SIM01_101.wav,Anxious
368,Cat,Meow,Audio,C:\Users\user\Desktop\myenv\myenv\pet\dataset meow\I_DAK01_MC_FN_SIM01_102.wav,Anxious
369,Cat,Meow,Audio,C:\Users\user\Desktop\myenv\myenv\pet\dataset meow\I_DAK01_MC_FN_SIM01_103.wav,Anxious
370,Cat,Meow,Audio,C:\Users\user\Desktop\myenv\myenv\pet\dataset meow\I_DAK01_MC_FN_SIM01_104.wav,Anxious
371,Cat,Meow,Audio,C:\Users\user\Desktop\myenv\myenv\pet\dataset meow\I_DAK01_MC_FN_SIM01_105.wav,Anxious
372,Cat,Meow,Audio,C:\Users\user\Desktop\myenv\myenv\pet\dataset meow\I_DAK01_MC_FN_SIM01_106.wav,Anxious
373,Cat,Meow,Audio,C:\Users\user\Desktop\myenv\myenv\pet\dataset meow\I_DAK01_MC_FN_SIM01_107.wav,Anxious
374,Cat,Meow,Audio,C:\Users\user\Desktop\myenv\myenv\pet\dataset meow\I_DAK01_MC_FN_SIM01_108.wav,Anxious
375,Cat,Meow,Audio,C:\Users\user\Desktop\myenv\myenv\pet\dataset meow\I_DAK01_MC_FN_SIM01_109.wav,Anxious
376,Cat,Meow,Audio,C:\Users\user\Desktop\myenv\myenv\pet\dataset meow\I_DAK01_MC_FN_SIM01_110.wav,Anxious
377,Cat,Meow,Audio,C:\Users\user\Desktop\myenv\myenv\pet\dataset meow\I_DAK01_MC_FN_SIM01_111.wav,Anxious
378,Cat,Meow,Audio,C:\Users\user\Desktop\myenv\myenv\pet\dataset meow\I_DAK01_MC_FN_SIM01_112.wav,Anxious
379,Cat,Meow,Audio,C:\Users\user\Desktop\myenv\myenv\pet\dataset meow\I_DAK01_MC_FN_SIM01_113.wav,Anxious
380,Cat,Meow,Audio,C:\Users\user\Desktop\myenv\myenv\pet\dataset meow\I_DAK01_MC_FN_SIM01_114.wav,Anxious
381,Cat,Meow,Audio,C:\Users\user\Desktop\myenv\myenv\pet\dataset meow\I_DAK01_MC_FN_SIM01_115.wav,Anxious
